,Supplier_Lead_Time,Inventory_Levels,Order_Frequency,Delivery_Performance,Cost_Per_Unit
Supplier_Lead_Time,1,0.197086953,-0.895523736,-0.918954307,0.963105699
Inventory_Levels,0.197086953,1,-0.134749712,-0.195494938,0.173335703
Order_Frequency,-0.895523736,-0.134749712,1,0.831159788,-0.875683417
Delivery_Performance,-0.918954307,-0.195494938,0.831159788,1,-0.909354204
Cost_Per_Unit,0.963105699,0.173335703,-0.875683417,-0.909354204,1
